cluster,count,percentage,avg_duration_hours,Cyclone_Inlet_Gas_Temp_mean,Cyclone_Inlet_Gas_Temp_std,Cyclone_Inlet_Gas_Temp_p25,Cyclone_Inlet_Gas_Temp_p75,Cyclone_Material_Temp_mean,Cyclone_Material_Temp_std,Cyclone_Material_Temp_p25,Cyclone_Material_Temp_p75,Cyclone_Outlet_Gas_draft_mean,Cyclone_Outlet_Gas_draft_std,Cyclone_Outlet_Gas_draft_p25,Cyclone_Outlet_Gas_draft_p75,Cyclone_cone_draft_mean,Cyclone_cone_draft_std,Cyclone_cone_draft_p25,Cyclone_cone_draft_p75,Cyclone_Gas_Outlet_Temp_mean,Cyclone_Gas_Outlet_Temp_std,Cyclone_Gas_Outlet_Temp_p25,Cyclone_Gas_Outlet_Temp_p75,Cyclone_Inlet_Draft_mean,Cyclone_Inlet_Draft_std,Cyclone_Inlet_Draft_p25,Cyclone_Inlet_Draft_p75
State_0,1084,0.3029439218382324,0.08333333333333333,888.9631180811808,24.39732565723537,871.835,903.4449999999999,54.44922509225093,92.86395454476708,0.0,98.76249999999999,-229.1353044280443,35.47120300031431,-256.165,-203.9525,-218.99942804428045,26.79122879242599,-237.54,-199.3325,879.7204889298893,37.547462979741,860.815,901.4975,-182.37320110701106,23.549055355116423,-198.41,-164.9975
State_1,207,0.05784999245434881,0.08333333333333333,34.310241545893724,4.1942378920097525,31.8,34.985,900.0,0.0,900.0,900.0,3.3791787439613525,2.3416521430728428,1.78,4.985,-0.8762801932367151,1.5288078923122024,-0.74,-0.255,34.903285024154584,4.447576391493764,32.32,34.6,-1.4378743961352656,1.239534176389803,-1.7149999999999999,-1.25
State_2,125,0.034933570322674405,0.08333333333333333,33.75392,4.409221988280414,30.71,34.8,900.0,0.0,900.0,900.0,1.9684,2.3449370305872503,1.07,4.05,-0.73856,2.0946305024837875,-0.85,0.18,33.93776,4.489404526933568,31.06,34.61,-1.4527199999999998,1.4098577919593118,-1.78,-0.99
State_3,282,0.07881013464795346,0.08333333333333333,33.789964539007094,5.369278267053992,30.4925,34.8525,808.4665957446808,8.625908695628526,807.405,812.5725,2.0247517730496454,1.7494064398820421,1.0225,2.4775,-0.1338297872340426,1.2738297453093288,-0.6975,0.7375,33.78858156028369,5.293422304053753,30.7425,34.7825,-0.9632978723404254,1.3842320390753038,-1.6675,0.0625
State_4,342,0.09557824840283716,0.08333333333333333,32.05681286549708,1.559944380186937,31.3075,32.8775,900.0,0.0,900.0,900.0,4.536286549707602,1.1288693431459664,4.18,5.22,-0.5014912280701754,0.21006729457788842,-0.6375,-0.41,32.75815789473685,1.0727763463861621,32.13,33.15,-1.3940058479532165,0.2649883082038956,-1.57,-1.2
State_5,288,0.08048694602344182,0.08333333333333333,39.186215277777784,3.7212860608296885,36.7575,41.835,900.0,0.0,900.0,900.0,1.3817361111111113,0.34403089129005165,1.12,1.61,-1.2465625,0.5723035453293259,-1.7525,-0.66,40.687638888888884,3.2825391688869168,38.205,42.85,-1.7203472222222222,0.29616106643933987,-1.92,-1.5175
State_6,107,0.02990313619620929,0.08333333333333333,30.29457943925234,1.7343038842629324,29.075,31.365000000000002,94.30999999999996,4.2833189085004526e-14,94.31,94.31,-123.90308411214953,4.59370948293567,-126.785,-122.72,-137.15551401869158,5.707932618773804,-140.93,-134.925,31.319626168224303,1.5779655669974293,29.95,32.215,-94.62943925233645,3.570278471189739,-96.935,-94.17
State_7,205,0.05729105532918602,0.08333333333333333,899.4599024390244,6.993192908054145,894.47,904.43,554.0931707317073,96.61180719967602,508.69,606.78,-296.85614634146344,6.221748168529227,-301.23,-292.74,-223.22624390243902,6.091928043990765,-227.78,-218.99,896.0890243902439,6.683123244293927,892.63,900.19,-229.51448780487806,5.73049183086627,-233.38,-225.68
State_8,191,0.05337849545304649,0.08333333333333333,500.50287958115183,76.73645611737516,429.55999999999995,561.7650000000001,710.4367015706805,216.9563810905437,520.5699999999999,902.23,7.894083769633507,4.229261360581019,5.05,11.555,-6.538952879581152,4.3777890301503595,-9.455,-2.5,243.45921465968587,43.20013606107952,207.18,273.645,7.705340314136125,3.8322959676382946,5.57,10.535
State_9,119,0.03325675894718603,0.08333333333333333,399.62840336134457,78.94213785289244,338.905,457.025,910.9915966386554,63.98221539156168,868.155,961.935,-20.436890756302518,4.046558644187185,-23.384999999999998,-17.975,0.2091596638655462,0.7116828705186858,-0.215,0.395,424.00974789915955,79.08381741579345,367.015,479.2,-15.53857142857143,3.631755257031146,-17.175,-13.379999999999999
State_10,115,0.03213888469686045,0.08333333333333334,484.30652173913046,49.36727591892451,442.115,526.51,290.73904347826084,93.04764953594882,209.8,360.125,11.182260869565216,1.1073558366189136,10.765,11.805,-1.6449565217391304,2.147273413454409,-3.12,-0.5900000000000001,661.1900000000003,1.0276593794419816e-12,661.19,661.19,21.741478260869567,3.467101333279,19.369999999999997,23.645
State_11,111,0.03102101044653487,0.08333333333333333,324.9546846846847,44.46494140576207,295.35,350.255,38.724504504504495,4.820508977038296,36.585,39.94,1.5781981981981983,2.689491063108814,-0.46499999999999997,4.165,-9.493963963963965,2.018232025258867,-10.86,-7.965,186.030990990991,39.102300117301986,155.045,217.85500000000002,2.4121621621621623,2.4139836579266856,0.595,4.79
State_12,103,0.02878526194588371,0.08333333333333334,47.34922330097088,3.2167133053574273,44.26,49.629999999999995,50.18844660194175,19.26270106878207,36.905,56.415,-29.871165048543684,3.9740788304867927,-32.175,-30.27,-0.38067961165048536,0.9269391567230905,-0.19,0.17,49.12485436893204,3.3637058998290046,46.31,51.625,-30.88640776699029,4.059681204128566,-33.08,-31.64
State_13,280,0.07825119752279067,0.08333333333333333,115.57835714285716,64.72365427246017,59.4775,157.0025,49.68471428571428,16.6955707835654,37.9275,55.0975,-37.095285714285716,8.48617699073468,-44.8725,-29.705000000000002,-0.34942857142857137,0.6945943571931368,-0.6225,-0.1575,116.62839285714284,65.76307662532696,60.3875,159.9375,-29.8845,6.591900952839248,-36.052499999999995,-24.28
State_14,255,0.07126448345825578,0.08333333333333333,47.85764705882353,11.502803798608095,35.965,54.25,59.611254901960784,11.237941078278665,59.56,59.56,-66.63639215686274,11.573001788507103,-73.455,-55.51,-59.92082352941177,10.179208492785758,-66.945,-53.35,49.79266666666666,11.967633085944353,37.769999999999996,58.135,-54.71098039215686,8.522673154384393,-60.33,-47.36
State_15,115,0.03213888469686045,0.08333333333333334,693.6026086956522,14.9301447148106,683.63,705.88,955.9495652173913,52.4988518235567,923.13,992.87,6.814695652173913,1.8440051383929295,5.5649999999999995,7.77,-6.4123478260869575,2.252639516264523,-7.965,-4.699999999999999,685.8061739130435,24.326878953507613,672.8299999999999,704.98,9.286521739130434,2.6282870959493354,7.67,10.780000000000001
State_16,201,0.05617318107886044,0.08333333333333333,85.99417910447761,25.045502120096558,64.98,101.54,56.197014925373125,10.423897018139431,46.78,62.69,-28.567014925373137,4.059718961304604,-31.46,-26.64,-29.298009950248755,3.4082372305783664,-31.54,-27.3,172.58203980099506,49.45814745133919,128.02,207.51,-26.37278606965174,2.964540470124327,-28.5,-24.75
State_17,178,0.049745404139488344,0.08333333333333334,33.65797752808989,4.560383490608335,30.535,34.4225,16.43887640449438,17.26489220021957,0.0,31.885,2.4503370786516854,1.8054565439422054,1.2025,4.0475,-0.24067415730337086,1.2684238163849064,-0.6925,0.3875,33.80443820224719,4.427070165196378,31.215,34.3925,-1.1597752808988764,1.0664010730729083,-1.7,-0.8725
State_18,151,0.042199752949790684,0.08333333333333334,30.970264900662254,1.6044512860663047,30.065,31.814999999999998,0.0,0.0,0.0,0.0,2.7447019867549662,1.5460827092783105,1.585,4.41,-0.12099337748344369,0.4871177201551832,-0.54,0.215,31.089139072847683,1.5875229931762043,29.935000000000002,31.884999999999998,-1.5921854304635759,0.326884065156104,-1.8250000000000002,-1.38
State_19,196,0.05477583826595347,0.08333333333333333,30.896326530612246,2.030971669817235,29.2275,31.9875,0.0,0.0,0.0,0.0,2.803775510204082,1.6735180296309136,1.355,4.5725,-0.14270408163265302,0.4286057709073103,-0.4825,0.22,31.152193877551024,1.9609186186288816,30.0675,32.5475,-1.5729591836734695,0.37782701016144327,-1.9324999999999999,-1.3
State_20,197,0.05505530682853486,0.08333333333333334,35.53507614213198,4.6500153191857985,32.26,36.99,33.273553299492384,4.2949684092173825,30.46,35.01,1.4133502538071065,0.8431173594455307,0.8,1.97,0.17065989847715746,1.095970854235021,-0.7,1.3,35.19020304568527,4.395924360014656,32.07,36.53,-0.5503045685279189,1.1310338906800173,-1.43,0.44
State_21,201,0.05617318107886044,0.08333333333333333,32.177064676616915,1.3922154433836817,30.76,33.13,31.07781094527363,2.040153715796827,29.04,32.55,0.8874129353233831,0.645720739663704,0.5,1.16,1.4546268656716417,0.20994043220548728,1.3,1.6,31.90004975124378,1.3378260340987682,30.67,32.95,0.6175124378109453,0.4537463841117938,0.36,0.94
State_22,113,0.031579947571697665,0.08333333333333333,34.583982300884955,1.94705800954699,33.05,35.81,30.696283185840706,1.3142727447760558,30.23,31.44,1.6369911504424781,0.3648333400231051,1.45,1.8,-0.2570796460176991,0.5418827650884218,-0.46,0.12,34.79327433628318,1.4406815366829218,33.86,35.29,-1.5675221238938055,0.403209292900304,-1.72,-1.33
State_23,134,0.037448787385906956,0.08333333333333333,39.881492537313434,5.211368213611339,34.65,44.91,40.934328358208944,1.181026982534896,40.802499999999995,41.64,2.5004477611940295,0.5907824118513049,2.1425,2.6875,-0.9358208955223881,0.4404718906779268,-1.1150000000000002,-0.66,39.31470149253732,4.837431072781041,34.47,43.875,-0.748955223880597,0.6174228132413409,-1.1675,-0.425
State_24,275,0.07685385470988369,0.08333333333333334,616.8821818181818,45.40207807757747,586.625,646.65,780.2744363636364,62.550260969880334,734.4300000000001,800.765,10.391781818181817,2.6446079469552517,8.45,12.045,-2.900618181818182,3.742265110411411,-5.28,-0.10500000000000001,587.3062181818183,39.97869848257922,557.155,614.66,14.389163636363635,3.682456786450361,11.64,16.915
State_25,103,0.02878526194588371,0.08333333333333334,58.89728155339806,12.07321887924778,47.620000000000005,66.97,0.0,0.0,0.0,0.0,-25.9616504854369,2.7089499800271284,-28.365000000000002,-23.175,-28.290582524271844,2.0628833928830734,-30.025,-26.475,60.93029126213591,11.750739188789874,51.265,69.2,-22.901456310679606,3.376409047263835,-26.025,-19.515
State_26,718,0.20065842793344177,0.08333333333333334,599.8601114206128,68.7280914004372,555.0550000000001,658.8824999999999,226.84388579387186,85.01308898696414,174.79,292.0825,9.857994428969358,4.312550416009581,7.192500000000001,12.5675,-4.089721448467967,4.066172102953393,-6.83,-1.4649999999999999,590.5496378830084,68.94668424376177,551.7825,647.4024999999999,6.936239554317549,5.059928093435177,2.2525,10.99
State_27,184,0.05142221551497672,0.08333333333333334,433.80679347826083,54.642331775853705,398.7575,458.47749999999996,116.19527173913043,36.67877288369423,91.36,131.355,11.047282608695653,2.7833932207532652,9.325,12.752500000000001,-2.648423913043478,2.1635743080672936,-4.1425,-1.885,387.85190217391306,35.65816964570927,362.3675,412.63750000000005,9.007934782608697,2.92582417067237,6.8975,10.575
State_28,155,0.04331762720011626,0.08333333333333333,183.02761290322582,25.231744129117093,158.22500000000002,208.87,45.961161290322586,8.438747287690562,38.075,54.004999999999995,-2.857677419354838,2.314844478620775,-3.9800000000000004,-1.275,-13.295612903225804,2.1122337175972037,-14.79,-11.629999999999999,178.91522580645162,25.078706685296222,155.77499999999998,200.7,-8.231612903225807,1.5612871329517635,-8.934999999999999,-7.470000000000001
State_29,131,0.036610381698162775,0.08333333333333333,167.59213740458014,23.21972314840698,146.62,192.5,201.91045801526715,25.899732248767346,183.445,222.575,2.824351145038168,2.5526514418229884,1.0350000000000001,4.1,-5.929618320610687,2.491225032166412,-8.045,-4.1899999999999995,164.77526717557254,17.081641216781172,150.04500000000002,182.14,1.7306870229007636,2.0650774583497213,0.55,3.11
State_30,284,0.07936907177311624,0.08333333333333334,374.343838028169,43.78455829728284,349.3925,402.6775,88.89383802816903,20.203087518697732,74.4675,102.1825,0.21778169014084514,3.1597090835721633,-1.255,2.4975,-13.715140845070422,2.832383465063791,-15.344999999999999,-11.872499999999999,380.1323239436619,45.41410378001573,351.3875,408.66249999999997,-4.918908450704224,2.4298796387325274,-6.73,-2.8475
State_31,470,0.13135022441325575,0.08333333333333333,405.5545531914894,44.29339400841859,372.6875,429.15250000000003,557.2972127659574,92.08291990058373,502.59000000000003,598.8275000000001,10.718382978723403,2.506957300457962,8.8175,12.735,-1.3981489361702124,3.0490949720115985,-3.33,0.39249999999999996,393.42182978723406,46.74772598203279,360.7325,419.63250000000005,12.06368085106383,2.9998659998956234,9.622499999999999,14.235
State_32,350,0.09781399690348833,0.08333333333333334,235.49922857142855,47.853758403974915,198.6225,279.4425,269.7730285714286,39.34961537732002,238.17,291.92,11.045371428571428,2.6345185462486396,9.6725,12.59,-1.460142857142857,1.9374659940501386,-3.2575,-0.125,224.14634285714286,44.3431334353139,186.01999999999998,263.8625,8.987057142857143,2.2158599130627508,7.442500000000001,10.8475
State_33,319,0.08915047146346507,0.08333333333333333,244.47924764890283,30.226240881012114,221.345,267.28,236.48564263322888,44.160698819898954,201.68,264.945,15.253354231974921,2.357473537718579,13.975000000000001,17.060000000000002,6.114764890282132,2.236400379714256,5.005,7.675000000000001,233.37539184952973,30.391144953608677,208.755,252.63,16.638150470219436,2.676517619684669,15.23,18.605
State_34,448,0.12520191603646508,0.08333333333333334,36.12703125,4.166848913659737,33.1325,37.155,33.98160714285714,3.8496657348884105,31.6475,37.6975,-31.128191964285715,3.2651876881249087,-33.4325,-29.7,-40.35372767857143,3.9704506066232423,-42.6825,-39.37,37.964062500000004,6.012660022892931,33.6775,40.4275,-24.705669642857142,1.827766573381878,-25.9025,-23.635
State_35,449,0.12548138459904645,0.08333333333333333,172.2666592427617,54.101221450861374,124.73,214.84,89.83775055679286,19.858564567203267,71.48,101.9,-17.418040089086862,3.462979684178371,-20.2,-14.62,-26.81739420935412,2.269854882094881,-28.61,-25.17,182.6812249443207,57.09672238580352,135.02,227.76,-17.385968819599107,2.3783822737518547,-19.26,-15.65
State_36,206,0.05757052389176742,0.08333333333333334,53.48441747572816,7.56927140872952,46.26,60.19,45.29854368932039,3.5334861961074555,46.97,46.97,-32.01669902912621,2.657074271559683,-34.385,-29.515,-39.74276699029125,3.6824442590555786,-43.09,-36.93,56.80572815533981,8.305483419588356,48.53,64.065,-26.274951456310678,2.0605662843660624,-28.065,-24.689999999999998
State_37,112,0.03130047900911627,0.08333333333333334,84.1376785714286,12.243841546821848,75.1925,92.0625,49.09303571428571,4.352377384787984,45.425,52.3875,-34.22883928571429,2.2048430499332885,-36.3275,-32.3225,-40.303839285714275,1.778950113260559,-41.644999999999996,-39.067499999999995,91.03482142857142,11.992473238754357,81.64,99.4075,-30.756517857142857,1.4280615664305543,-31.735,-29.76
State_38,309,0.08635578583765112,0.08333333333333333,53.67207119741101,14.032968610877578,42.64,66.15,47.358640776699026,4.496057302058854,44.02,50.0,-46.29006472491909,5.587240449448451,-50.85,-41.4,-60.093398058252426,5.230344011692306,-63.74,-56.45,53.855825242718446,16.47230536016291,37.21,67.28,-36.185339805825244,2.943849900734276,-38.64,-33.76
State_39,123,0.03437463319751161,0.08333333333333333,45.37747967479675,4.662775081938592,41.995000000000005,49.019999999999996,94.30999999999996,2.853795412589658e-14,94.31,94.31,-5.417073170731706,1.5457767593297964,-6.925,-4.09,-8.843983739837398,1.585540058914301,-10.184999999999999,-7.24,47.385772357723575,5.18081343827207,44.075,51.43,-6.100406504065041,1.5158049305561496,-7.455,-4.785
State_40,141,0.03940506732397673,0.08333333333333333,31.379574468085103,2.09596206084135,29.96,33.3,94.31000000000002,8.556910475728605e-14,94.31,94.31,-8.980354609929078,1.1582470815525612,-9.69,-8.17,-11.336950354609929,1.1312887362033566,-12.32,-10.54,31.644255319148936,2.2338849036863855,30.0,34.3,-9.85404255319149,0.7700871738440718,-10.21,-9.33
State_41,1278,0.35716082297902313,0.08333333333333333,30.97838810641628,2.041470227243827,29.53,32.31,94.30999999999999,1.535373120503523e-12,94.31,94.31,-3.167206572769953,1.0849555409390026,-3.8275,-2.6,-5.136971830985915,1.1127967760684963,-5.81,-4.56,30.844225352112673,2.053353080885885,29.3125,32.3675,-5.458474178403756,0.7476786967364749,-5.9,-5.01
State_42,207,0.05784999245434881,0.08333333333333333,34.721739130434784,1.3661031210863837,33.870000000000005,35.97,94.30999999999996,7.122652661321137e-14,94.31,94.31,-14.167004830917875,0.5593301428623466,-14.47,-13.805,-16.97884057971015,0.5103897318180424,-17.325,-16.605,35.949371980676325,1.1678513553287273,35.019999999999996,36.665,-13.452753623188405,0.42990137972022435,-13.695,-13.2
State_43,549,0.15342824085718598,0.08333333333333333,28.783096539162113,1.3483367260423382,27.74,29.97,94.31,4.836097070662869e-13,94.31,94.31,-14.269417122040073,1.180353631811102,-15.15,-13.39,-17.152877959927142,1.2417994160988999,-18.07,-16.29,28.53983606557377,1.311546758634156,27.48,29.8,-13.850054644808743,0.9154962540442637,-14.54,-13.17
State_44,405,0.11318476784546506,0.08333333333333333,29.723259259259258,0.5290120106110419,29.46,30.15,94.30999999999997,1.7074117843989127e-13,94.31,94.31,1.7299753086419754,0.13008469968369865,1.67,1.82,-0.026592592592592588,0.20454427597975852,-0.16,0.14,29.585802469135803,0.5640646867035438,29.12,30.12,-1.7127901234567904,0.14186825537240683,-1.79,-1.62
State_45,209,0.058408929579511604,0.08333333333333334,29.711004784688996,0.34137792752325596,29.47,29.97,94.30999999999997,8.546984678106627e-14,94.31,94.31,1.0683253588516746,0.25964948521255465,0.92,1.25,-0.7715789473684211,0.2811752374766322,-1.04,-0.55,29.84846889952153,0.33365624617958,29.63,29.98,-2.3148325358851674,0.14913563681124667,-2.43,-2.21
State_46,204,0.05701158676660463,0.08333333333333333,379.4761764705883,28.740367846102732,355.235,404.0475,177.91245098039215,26.791878757603346,156.18,199.72,12.188382352941177,1.9648705019769783,10.815000000000001,13.6625,0.7138725490196078,2.118763279815133,-0.61,2.31,368.4386764705882,34.59306533361276,348.6125,395.5625,11.174754901960787,2.3119280416311168,9.14,12.76
State_47,191,0.05337849545304649,0.08333333333333333,55.446910994764394,7.184661980653433,50.625,59.41,44.162670157068064,2.016746909231345,42.375,45.125,-23.620680628272254,1.2443654301613554,-24.4,-23.01,-25.9917277486911,1.3681442095483551,-26.835,-25.36,57.654450261780106,7.324595737821513,52.495000000000005,61.655,-21.191361256544504,1.2768898194096843,-21.975,-20.520000000000003
State_48,172,0.048068592763999975,0.08333333333333334,37.66459302325581,3.016669546874294,34.7475,39.9125,46.97000000000001,7.838790492562097e-14,46.97,46.97,-24.733313953488373,1.0418803599658288,-25.48,-24.057499999999997,-31.395988372093026,1.612337542433716,-32.6075,-30.045,38.82848837209303,2.8503928189086887,35.905,40.8525,-19.818081395348838,0.8287885432825456,-20.445,-19.225
State_49,145,0.04052294157430231,0.08333333333333334,63.78096551724136,10.040224400168906,54.66,71.16,39.261793103448284,3.221094031917123,36.63,41.52,-15.216758620689657,1.0682318482469968,-15.95,-14.72,-20.887241379310346,2.2500029267754487,-22.86,-18.64,68.51213793103449,8.309957730388458,61.56,73.2,-13.690482758620691,1.1151739594207326,-14.44,-13.07
State_50,199,0.05561424395369765,0.08333333333333333,33.2514641388762,4.256714322756548,30.665,34.45,113.26932389218821,16.061944921574767,98.885,124.68,1.9315417999086342,1.549714666461096,0.89,2.38,0.07453403380539043,1.1346145183548813,-0.63,1.25,33.21746231155779,4.095237960962188,30.625,34.375,-0.821891274554591,1.1916916493094352,-1.62,0.25
State_51,152,0.04247922151237207,0.08333333333333333,45.742697368421055,2.824377554446157,43.555,48.5575,0.08375,1.0325393454973035,0.0,0.0,-4.384144736842106,1.1916144338857948,-4.63,-3.5675,-10.109342105263158,1.270134096822367,-11.085,-9.45,47.098026315789475,2.1200859158754914,45.4875,48.6775,-6.64625,0.8370745435089568,-6.7675,-6.095
State_52,126,0.0352130388852558,0.08333333333333333,86.49571428571431,11.594004894156045,77.39,96.6175,0.0,0.0,0.0,0.0,11.412222222222223,2.3469816834015176,9.26,13.3625,-0.4481746031746032,0.30183545396431033,-0.62,-0.32,83.88650793650794,11.637418773419498,74.8775,94.50500000000001,6.183412698412698,2.294151577450249,4.0,8.3
State_53,167,0.046671249951093,0.08333333333333333,74.53287425149702,21.01651697272445,56.16,89.23,55.79544910179641,9.030975524471243,48.35,62.31,-15.74359281437126,1.8182780883833591,-17.21,-14.15,-14.860359281437127,1.8496531398100344,-16.12,-13.415,78.74922155688624,21.589842128309215,60.04,93.28,-12.307664670658683,1.399332433830798,-13.43,-11.2
State_54,159,0.04443550145044184,0.08333333333333333,225.51320754716986,42.128169043863004,187.185,263.77,97.35566037735849,14.594920025205838,83.845,107.6,5.024591194968554,2.1030089179639506,3.115,6.635,-0.49786163522012594,0.8123534841838643,-0.9,-0.08,218.4422641509434,40.87347646561861,181.92000000000002,255.90499999999997,5.564779874213836,2.001976819400058,3.83,7.390000000000001
State_55,133,0.03716931882332556,0.08333333333333334,57.3,7.136339567610445,51.63,62.29,34.39857142857142,1.7853053990747252,33.88,35.17,-9.039248120300751,1.5502353800066846,-10.2,-8.1,-10.512105263157894,1.4896572987179315,-11.84,-9.33,28.880000000000003,7.845520180207608e-14,28.88,28.88,-9.017744360902256,1.6308236516062715,-10.21,-7.89
State_56,164,0.04583284426334882,0.08333333333333333,206.1075,42.075887406846455,171.5025,235.4175,83.43024390243903,14.513310791276938,72.42,91.29,4.3810365853658535,2.0063395289436348,2.5875000000000004,5.8925,-4.170792682926829,1.322394177869792,-5.24,-3.165,187.7794512195122,37.53204970304337,159.3625,215.1575,1.4019512195121953,2.07953861035608,-0.5425,2.9675000000000002
State_57,118,0.03297729038460463,0.08333333333333334,105.23084745762712,20.398752541726253,88.17,123.13,56.42991525423729,7.289705948340413,50.1675,63.2125,-4.197457627118644,1.6880652893967447,-5.7125,-3.0725,-6.730084745762711,1.208147904967823,-7.63,-6.135,105.07364406779662,19.164601166977707,89.02000000000001,121.905,-2.617966101694915,1.241228753837867,-3.7975,-1.6775
State_58,126,0.0352130388852558,0.08333333333333333,154.08880952380952,31.367684711681044,126.145,178.815,70.01214285714288,10.606761059410575,60.975,77.74,-1.5571428571428574,2.5111459876774536,-3.2625,0.24500000000000002,-6.850396825396826,2.098099483168003,-7.71,-5.2125,169.1093650793651,34.88897480284639,134.20999999999998,198.9325,-2.6156349206349208,2.3421899140869846,-4.050000000000001,-0.825
State_59,543,0.15175142948169762,0.08333333333333333,151.30213627992634,41.161547099623576,117.28,177.21,47.981546961325975,10.74852207300088,39.585,53.375,3.2593922651933704,3.4337851210119754,0.355,5.96,-6.9228545119705345,3.17065525591429,-9.120000000000001,-4.555,155.48327808471458,44.280376159768196,122.44,187.23,-1.745561694290976,3.9379067068542795,-4.265,0.825
State_60,351,0.09809346546606973,0.08333333333333333,224.7681196581197,49.90317081133864,178.81,265.08,53.95,9.84736588419171,46.075,61.275000000000006,7.829943019943021,1.5066657595597348,7.045,8.815000000000001,-2.5705698005698006,0.7657580483973961,-3.05,-2.02,215.15749287749287,42.73925078538905,175.41500000000002,255.68,5.242364672364673,1.7873963005460032,4.48,6.35
State_61,104,0.0290647305084651,0.08333333333333333,109.79576923076921,6.639030765076073,104.4225,113.9525,63.48509615384616,9.120067811363498,52.004999999999995,70.4075,6.68673076923077,0.9357800777936658,6.07,7.25,-2.075576923076923,1.0428031927836434,-2.7975,-1.4,104.74,6.838706940742469,98.5775,108.35,3.47548076923077,1.1502122048263275,2.6225,4.3825
State_62,182,0.05086327838981393,0.08333333333333333,107.9084065934066,14.942889075112504,93.975,118.5175,48.48329670329671,6.061379062847412,43.445,52.75,4.327527472527472,0.7750964558141624,3.7,4.9575,-1.9316483516483516,0.5855011806703114,-2.305,-1.61,95.15373626373626,14.797345114151272,83.71249999999999,109.0475,1.2392307692307694,0.7418235419867812,0.67,1.72
State_63,237,0.06623404933179067,0.08333333333333333,30.955443037974682,2.0799118691411227,29.83,32.12,0.0,0.0,0.0,0.0,2.6032489451476795,1.6819203087696655,1.43,4.83,-0.14599156118143458,0.5367537862438686,-0.47,0.29,30.973122362869198,1.844937977749807,29.76,32.61,-1.6148101265822783,0.4434911405670064,-1.96,-1.32
State_64,121,0.03381569607234882,0.08333333333333334,51.35314049586777,8.72833642349807,44.54,54.07,30.35099173553719,1.1920685138018692,29.22,31.26,-6.235619834710743,0.6814627558445919,-6.74,-5.94,-11.178512396694217,0.5234766170470667,-11.49,-10.98,50.80851239669421,6.135443839033033,45.08,55.55,-8.602231404958676,0.6494195967725152,-9.03,-8.31
State_65,171,0.04778912420141858,0.08333333333333333,49.30046783625732,4.1997387611844035,45.58,54.004999999999995,40.8293567251462,2.689351582947924,38.400000000000006,43.545,-6.271461988304092,0.8427843716372674,-6.875,-5.789999999999999,-11.394912280701755,1.825042906319498,-13.08,-9.635,49.78023391812866,4.049101273298932,46.18,54.285,-5.4488304093567255,0.7030018244552988,-5.890000000000001,-4.995
State_66,105,0.029344199071046496,0.08333333333333333,43.83704761904762,0.5620206056473032,43.64,44.17,46.97000000000001,2.8558025365601495e-14,46.97,46.97,-12.894095238095238,0.8336823957577233,-13.5,-12.45,-17.194857142857146,1.0594802011851359,-17.88,-16.45,45.788190476190486,0.6614229720725974,45.65,46.32,-12.334285714285713,0.734608552410551,-12.81,-11.73
State_67,243,0.06791086070727903,0.08333333333333333,33.87818930041152,1.7961002329107087,32.69,34.39,46.97000000000001,1.210415785850818e-13,46.97,46.97,-11.064485596707819,0.6903574672899018,-11.54,-10.605,-15.26925925925926,0.746522701095344,-15.745000000000001,-14.83,34.93588477366255,1.8862493774527147,33.355000000000004,35.61,-9.894279835390947,0.6667211894855779,-10.38,-9.41
State_68,393,0.10983114509448832,0.08333333333333333,37.79992366412213,2.357872883548709,36.05,39.34,0.0,0.0,0.0,0.0,4.24824427480916,0.2223648898977318,4.09,4.38,-1.08264631043257,0.25987068917977396,-1.31,-0.84,38.42423664122137,2.27925165254822,36.5,40.69,-1.8139312977099236,0.19162845138496357,-1.95,-1.68
State_69,5382,1.504099803813069,0.08333333333333333,32.193291413386454,1.898312027633153,30.79,33.69,0.0,0.0,0.0,0.0,4.779064807943381,0.4866406305676146,4.46,5.07,-0.4379956282080873,0.2749231142191047,-0.63,-0.22,32.42675562461081,1.4332555123425352,31.44,33.417500000000004,-1.4238675548185131,0.35093149549190245,-1.65,-1.18
State_70,282,0.07881013464795346,0.08333333333333333,27.879645390070927,0.4889831286852494,27.544999999999998,28.18,0.0,0.0,0.0,0.0,-1.1084042553191489,0.49960262470815725,-1.45,-0.7775000000000001,-2.82386524822695,0.6638212652279223,-3.34,-2.4025,27.84985815602837,0.5053415543671956,27.47,28.197499999999998,-4.137304964539007,0.5178320251874975,-4.51,-3.7225
State_71,5494,1.5354002828221853,0.08333333333333333,29.729894430287587,1.813217383534242,28.58,30.95,0.0,0.0,0.0,0.0,1.5860265744448492,0.41357590824490803,1.34,1.88,-0.14251729159082638,0.5352492585428509,-0.54,0.33,30.0553021477976,1.5469291561103113,29.08,31.05,-1.7850746268656719,0.3468330411837407,-2.04,-1.53
State_72,340,0.09501931127767438,0.08333333333333333,37.38023529411765,2.483215503436776,35.23,39.7625,59.559999999999995,1.067384943259908e-13,59.56,59.56,-0.13438235294117654,0.8596870705522347,-0.77,0.395,-2.5265882352941174,0.7901817168119605,-3.17,-1.705,38.762441176470595,2.5773551384712055,36.0425,41.16,-3.0342941176470593,0.7767197696436382,-3.54,-2.67
State_73,423,0.11821520197193018,0.08333333333333333,30.351134751773046,0.9099690835318327,29.7,30.994999999999997,59.55999999999999,3.414643741863406e-13,59.56,59.56,-8.266288416075652,0.634247833834153,-8.71,-7.86,-8.560898345153664,0.560003932427039,-8.955,-8.155000000000001,30.32964539007092,1.064163609014151,29.4,30.895,-10.72881796690307,0.5833962685190254,-11.13,-10.38
State_74,534,0.14923621241846505,0.08333333333333333,32.63797752808989,1.094005854646414,31.86,33.14,59.55999999999999,5.476309098421059e-13,59.56,59.56,-4.93063670411985,0.7920619107084501,-5.4775,-4.532500000000001,-6.342097378277154,0.6978100976184923,-6.85,-5.86,33.234082397003746,1.2234249746593102,32.332499999999996,33.97,-7.6957116104868915,0.6974613300530375,-8.16,-7.3225
State_75,581,0.16237123485979063,0.08333333333333333,29.7168330464716,0.6931534298053174,29.24,30.21,59.56,4.12469905106398e-13,59.56,59.56,-2.330051635111876,1.7926382495866091,-3.96,-0.76,-3.7296385542168675,1.0179812884402435,-4.63,-3.02,29.969810671256454,0.7023569668768235,29.5,30.44,-4.974234079173838,1.2332376677317591,-6.07,-3.96
State_76,604,0.16879901179916273,0.08333333333333334,29.62640728476821,0.45299538143550855,29.34,29.96,59.559999999999995,3.05786615853701e-13,59.56,59.56,1.5844205298013245,1.0075673026135297,1.2,2.2,-0.5982119205298012,0.36596239209534404,-0.87,-0.29,29.626059602649004,0.45774162955395187,29.2775,29.9,-1.4289900662251653,0.3849435873046347,-1.72,-1.18
State_77,139,0.03884613019881394,0.08333333333333334,918.4381294964029,32.689951178765405,894.735,940.6,904.8721582733814,31.083117552095334,879.6099999999999,929.5799999999999,-61.09323741007195,25.250097093107257,-86.05,-38.03,-74.26215827338132,21.087357011794627,-93.6,-56.144999999999996,841.6728057553956,24.659046140583882,825.55,850.2950000000001,-56.57107913669064,17.34569652557833,-72.93,-40.355000000000004
State_78,119,0.03325675894718603,0.08333333333333333,40.2681512605042,4.55059373410312,36.16,43.775,41.43546218487396,1.228276833409348,41.64,41.64,3.0550420168067225,1.0331053024819092,2.2699999999999996,3.69,-0.8046218487394958,0.47899929216176135,-1.045,-0.585,39.8253781512605,4.524827328836956,36.065,43.269999999999996,-1.1209243697478994,0.5644751448441686,-1.565,-0.775
State_79,359,0.10032921396672088,0.08333333333333334,33.06253481894151,0.9393733696964536,32.7,33.655,33.47540389972145,1.055097914959719,32.89,34.315,-10.82100278551532,1.0613091933564098,-11.71,-10.16,-9.523788300835655,0.7976187463666365,-10.08,-9.12,32.986908077994435,0.9318481485594471,32.595,33.575,-9.984707520891366,0.876709733102389,-10.51,-9.34
State_80,109,0.030462073321372077,0.08333333333333334,65.30256880733945,0.526020003263016,64.95,65.72,41.98110091743119,1.2287138257736414,40.78,43.22,4.51697247706422,0.8806105884525426,3.81,5.36,0.20146788990825695,0.3182470089122872,0.0,0.42,70.90220183486238,1.7512225136226467,70.2,71.46,1.480091743119266,0.8658858613227266,0.82,2.31
State_81,127,0.0354925074478372,0.08333333333333334,33.0051968503937,2.414138201220713,31.415,34.335,29.562204724409458,2.0488254139391424,28.775,31.115000000000002,1.6727559055118117,0.4583072324435719,1.28,1.94,-0.33999999999999997,0.5067402828725128,-0.55,0.04,33.387952755905516,2.226242595268623,31.545,34.94,-1.5044094488188977,0.5087498739024174,-1.84,-1.255
State_82,249,0.06958767208276741,0.08333333333333333,32.1995983935743,1.4437506595995664,30.94,33.73,30.95718875502008,2.0780285245648824,29.19,32.57,0.9699999999999999,0.6509496784475493,0.54,1.14,1.3718875502008032,0.20830162733213636,1.26,1.52,31.949558232931725,1.3467928622220824,30.75,33.17,0.5364658634538152,0.5881823078412136,0.21,1.06
State_83,374,0.1045212424054418,0.08333333333333334,79.3514973262032,13.170863444155971,66.9325,91.0125,50.00422459893048,6.997139960562763,43.885,56.955,4.135748663101604,1.081549801994304,3.7225,5.06,2.802058823529412,0.44204834785216257,2.54,3.13,78.43195187165776,12.22702067217459,66.3675,89.5475,4.48879679144385,0.8635852671018428,4.12,5.025
State_84,203,0.05673211820402323,0.08333333333333334,30.779753694581284,2.052641485439233,29.79,32.24,33.953842364532015,1.1105060904867845,33.03,34.68,0.6785714285714286,0.42101413227547596,0.4,0.91,-5.531182266009852,0.4308218961689415,-5.81,-5.3,30.02630541871921,2.2549489347514786,27.905,31.615000000000002,-3.9482266009852216,0.38651246938728223,-4.21,-3.66
State_85,175,0.04890699845174416,0.08333333333333334,32.19182857142857,0.8606259912878133,31.625,33.075,30.081200000000006,1.7968955476586288,28.735,32.235,-6.640057142857144,1.4900403053805145,-7.585,-5.515000000000001,-9.419485714285715,2.034475918443317,-10.745000000000001,-7.92,33.159085714285716,0.9617203625946722,32.315,34.265,-8.293714285714286,1.1125224670707887,-9.28,-7.445
State_86,136,0.03800772451106975,0.08333333333333334,35.37183823529411,2.9899047927876627,32.6675,37.8425,25.508823529411764,0.9952271721486542,24.677500000000002,26.24,-1.3833088235294118,0.9446692975318645,-2.0225,-0.6625000000000001,-4.76985294117647,1.096056895856346,-5.5225,-3.8375,28.880000000000003,8.201449480939906e-14,28.88,28.88,-2.7519117647058824,0.6871115222500018,-3.3525,-2.2475
State_87,219,0.06120361520532556,0.08333333333333333,56.881232876712325,4.997366263739336,54.455,60.455,41.57922374429223,5.5915544801740715,36.91,43.14,5.986940639269406,0.828414674306853,5.42,6.63,-1.0776712328767126,0.40683671368234364,-1.31,-0.935,56.59146118721461,6.118791604489789,50.55,61.735,0.22114155251141557,0.7470216539235033,-0.27,0.73
State_88,607,0.1696374174869069,0.08333333333333334,27.058210063874682,3.005242088391764,24.705,29.155,23.777684615162286,1.8879113369266642,22.225,25.5,-7.018045319228879,1.7384209195526523,-8.54,-6.01,-6.858299661839938,1.4249428298776243,-8.004999999999999,-5.779999999999999,28.899357495881382,0.13141681241933367,28.88,28.88,-9.610210410705513,1.6149509608270747,-10.995000000000001,-8.555
State_89,535,0.14951568098104645,0.08333333333333334,55.09179439252337,8.595260090600062,47.879999999999995,61.565,26.545644859813088,2.9780980006297013,24.61,27.7,4.091514018691589,0.4708241909785427,3.85,4.38,-0.3050841121495327,0.7410365389695219,-0.86,0.36,54.129252336448594,8.189814023961016,46.67,60.489999999999995,0.6750467289719626,0.5211140720508971,0.35,0.99
State_90,4596,1.2844375136240924,0.08333333333333333,20.16871627502176,3.3130100724503153,17.56,23.53,18.088080939947783,2.4492997233266,16.3,20.16,-0.3404917319408181,0.35058573362827966,-0.51,-0.18,0.4749238468233246,0.41502291540922903,0.19,0.77,20.11691906005222,3.321179411296811,17.41,23.26,-0.3392210617928633,0.3294178633671521,-0.53,-0.11
State_91,346,0.09669612265316274,0.08333333333333333,35.96011560693642,3.5795538526047843,32.8475,38.29,25.106358381502886,2.6149033354598616,22.450000000000003,27.182499999999997,4.540809248554913,0.8965430765702782,4.0225,5.077500000000001,-1.2837283236994221,0.5064679925003412,-1.31,-1.01,33.40063583815029,3.98640910664629,29.945,36.97,-1.069306358381503,0.9167084051514937,-1.59,-0.4625
State_92,225,0.06288042658081393,0.08333333333333333,25.9976,0.8952955018954841,25.72,26.52,23.868355555555556,0.7962279699676031,23.16,24.33,4.702088888888888,0.18948612630874082,4.59,4.82,-0.5796444444444445,0.1487563257291751,-0.68,-0.48,25.873644444444444,0.6785318037720552,25.5,26.46,-1.3291111111111111,0.22966806620625477,-1.53,-1.14
State_93,788,0.22022122731413943,0.08333333333333334,27.851243654822333,1.6346774125102241,26.505000000000003,28.942500000000003,27.521713197969543,1.807432272464462,25.94,29.13,3.7532741116751267,0.5455288433459189,3.39,4.11,-1.598489847715736,0.5904477904856876,-1.9625,-1.18,27.11963197969543,1.4485884963854876,26.08,28.27,-2.031129441624366,0.4883149133847901,-2.36,-1.68
State_94,248,0.06930820352018602,0.08333333333333334,44.193225806451615,3.8654851942365127,42.08,46.775,43.13999999999999,2.847918514012811e-14,43.14,43.14,3.917258064516129,0.8316062587368666,3.3075,4.455,-2.045967741935484,0.696632059035365,-2.57,-1.38,46.71483870967742,3.84158093802991,45.25,49.339999999999996,-1.8423790322580644,0.6594228134103514,-2.25,-1.4675
State_95,100,0.02794685625813952,0.08333333333333334,43.9868,0.8753849138948798,43.3575,44.725,36.136700000000005,0.4414257318821332,35.84,36.34,1.0536999999999999,0.45154203804431325,0.7575000000000001,1.3725,-2.4646999999999997,0.3093376926286353,-2.66,-2.24,45.547399999999996,0.5220465167555144,45.2,46.0025,-1.4680000000000004,0.3319577677897591,-1.66,-1.31
State_96,149,0.041640815824627885,0.08333333333333333,37.59885906040268,2.2635398999466436,35.59,39.62,26.09268456375839,1.6991701594922033,25.07,27.02,1.438255033557047,0.4461649366934018,1.19,1.74,0.02040268456375837,0.3037844167903225,-0.19,0.19,37.92422818791946,2.2772862528255384,35.86,39.96,1.645704697986577,0.33694424719977495,1.42,1.88
State_97,201,0.05617318107886044,0.08333333333333333,46.65915422885572,2.6171281552676264,44.51,48.64,32.360049751243785,1.8708662425498082,30.77,33.7,1.9097014925373135,0.2958494726170071,1.67,2.18,1.263731343283582,0.3559150284305041,0.94,1.56,46.97139303482587,2.5171821645942205,44.94,48.89,2.3645771144278607,0.428652476108131,1.96,2.74
State_98,134,0.037448787385906956,0.08333333333333333,33.660000000000004,0.34818757368143616,33.442499999999995,33.9,25.738432835820895,0.8036176235802317,25.5875,26.3175,0.23910447761194029,0.5624843692886816,-0.2775,0.71,0.9708955223880597,0.2474667523398544,0.85,1.19,34.03753731343284,0.34403933279061827,33.802499999999995,34.26,0.979776119402985,0.22672717670917167,0.84,1.0975000000000001
State_99,7676,2.1452006863747894,0.08333333333333333,32.423514851485145,1.390147939040254,31.24,33.65,31.125835070349137,2.104364756631077,30.07,32.51,0.9557490880667014,0.596337288722569,0.59,1.2,1.4488066701406983,0.29255818076641504,1.27,1.67,32.21548983845753,1.337243947700714,31.17,33.3425,0.7552996352266806,0.4585895968623303,0.47,1.12
State_100,141,0.03940506732397673,0.08333333333333333,31.738794326241134,0.6062254120814239,31.22,32.26,29.01078014184397,0.6166117914191407,28.56,29.41,-0.5084397163120568,0.4774235670883324,-0.87,-0.16,-3.6837588652482274,0.4622283588491922,-3.99,-3.41,32.623758865248234,0.5731860069659415,32.21,32.98,-3.2188652482269506,0.42048117368860294,-3.49,-2.94
State_101,485,0.13554225285197669,0.08333333333333333,28.133505154639174,0.8686660254165831,27.69,28.72,24.4119793814433,0.28706083883704914,24.5,24.5,-0.995422680412371,0.4788269894734135,-1.36,-0.62,-3.360886597938144,0.5560094660791312,-3.76,-2.98,28.60018556701031,0.5083319897220017,28.28,28.88,-4.123154639175258,0.4096548471651631,-4.44,-3.85
State_102,253,0.07070554633309299,0.08333333333333333,27.410909090909094,0.7606150678137273,27.27,27.71,24.01778656126482,0.7551609743096312,23.54,24.77,1.252411067193676,0.46087145389998746,1.23,1.44,-2.832371541501976,0.430146602339668,-3.11,-2.48,28.880000000000003,9.255364910032783e-14,28.88,28.88,-1.6175494071146246,0.4522916982295223,-1.66,-1.47
State_103,4975,1.3903560988424413,0.08333333333333333,32.55956180904523,2.5501929980790625,30.64,34.1,30.0155256281407,1.7287915621835301,28.76,31.13,1.5970170854271357,0.4825285278033568,1.33,1.83,-0.4006452261306533,0.5431529393056942,-0.67,-0.01,32.92408442211055,2.3011902318289366,31.38,34.19,-1.5583899497487437,0.530979127410944,-1.89,-1.27
State_104,383,0.10703645946867438,0.08333333333333334,29.667075718015663,1.590373795177693,29.2,30.44,19.53,6.758985497732963e-14,19.53,19.53,1.5047780678851177,0.3957435712395201,1.3,1.72,-1.511070496083551,0.6713740327685689,-1.85,-1.01,29.696892950391643,1.8618565880536977,29.34,30.37,-1.3976762402088774,0.386598916359487,-1.64,-1.17
State_105,1929,0.5390948572195113,0.08333333333333333,37.081135303265945,1.605482343352401,35.93,38.38,43.13688958009331,0.06825225316816329,43.14,43.14,4.9552514256091245,0.6496547531319217,4.44,5.42,-0.3953291861067911,0.6280809604890523,-0.87,0.07,37.43347848626232,1.0719211336096661,36.59,38.26,-1.1261689994815967,0.6507733146872328,-1.62,-0.66
State_106,190,0.05309902689046509,0.08333333333333334,28.600315789473683,0.42753001103008453,28.2125,28.9775,24.5,0.0,24.5,24.5,1.3909473684210525,0.25678547522016015,1.23,1.56,-1.1337894736842107,0.30868959751419905,-1.32,-0.9424999999999999,28.894157894736843,0.34217956286754114,28.55,29.177500000000002,-2.0168421052631578,0.21407244562152414,-2.1,-1.9
State_107,529,0.1478388696055581,0.08333333333333334,27.13818525519849,1.8650732467159339,26.07,28.66,21.445595463137998,0.9337958514046792,20.85,22.13,1.2669187145557654,0.11410121026173656,1.19,1.35,-0.8190548204158791,0.3066230023165845,-1.1,-0.51,26.526124763705102,1.4717255357526262,25.2,27.51,-2.0391115311909265,0.13139319331440125,-2.11,-1.96
State_108,269,0.07517704333439532,0.08333333333333334,31.38386617100371,1.6614177311998806,29.92,32.92,22.89,0.8787244826553487,21.99,23.65,1.1493308550185874,0.15490102224862565,1.05,1.28,-0.8559107806691449,0.23635053226037261,-1.05,-0.66,29.99542750929368,1.0708977190949671,28.96,30.76,-2.099702602230483,0.18902317839570643,-2.24,-1.98
State_109,184,0.05142221551497672,0.08333333333333334,36.26961956521739,1.9078352585074483,34.53,37.965,22.583695652173912,1.165799725408448,21.48,23.685000000000002,1.498260869565217,0.2084635895959241,1.39,1.6424999999999998,-0.9046739130434781,0.21783560797683477,-1.1,-0.69,35.28179347826087,1.6949173588380542,33.5175,37.0,-1.684891304347826,0.29388855017501525,-1.81,-1.48
State_110,168,0.0469507185136744,0.08333333333333333,32.09458333333333,0.9401228446718296,31.415,32.9475,41.63999999999999,1.1402670944465875e-13,41.64,41.64,1.696190476190476,0.40637113140047243,1.45,2.0124999999999997,-1.6029761904761906,0.2902539864932452,-1.8,-1.49,31.457857142857147,1.0802933416533353,30.2675,32.36,-1.1786904761904762,0.4605705385569058,-1.5325,-0.84
State_111,275,0.07685385470988369,0.08333333333333334,43.502581818181824,1.337896904625106,42.675,44.775000000000006,40.19621818181818,1.0225977134777002,39.485,41.004999999999995,2.148181818181818,0.4097635552377271,1.73,2.465,-0.8417818181818182,0.2553859745925371,-1.06,-0.62,42.35600000000001,0.6652511736837381,41.82,42.89,-1.0478545454545454,0.30880292880533444,-1.295,-0.92
State_112,571,0.15957654923397666,0.08333333333333334,39.50660245183888,1.296915239392851,38.62,40.46,41.63999999999999,3.3424790049375717e-13,41.64,41.64,2.1743082311733803,0.35391445529812876,1.94,2.36,-0.7116462346760071,0.2967722635033808,-0.93,-0.515,39.35061295971979,1.168377706791125,38.64,40.23,-1.1822416812609455,0.2152237947778358,-1.32,-1.01
State_113,147,0.04108187869946509,0.08333333333333333,34.53809523809524,0.8509771444972074,34.04,34.85,41.639999999999986,7.842691436585747e-14,41.64,41.64,1.8099319727891157,0.163529129400605,1.7,1.8849999999999998,-1.8334013605442177,0.1536786212466562,-1.91,-1.74,34.35251700680272,0.41595548289436385,34.015,34.625,-1.4704761904761903,0.09890034650501885,-1.54,-1.42
State_114,386,0.10787486515641855,0.08333333333333333,34.53624352331606,0.8614238486574806,33.93,35.3225,41.63999999999999,2.1343947603034637e-13,41.64,41.64,2.2876943005181345,0.3688037803263628,2.01,2.4875000000000003,-0.856321243523316,0.29713688378150693,-0.97,-0.69,34.33720207253886,0.7615837535071784,33.62,34.86,-1.2401295336787563,0.21886064785027995,-1.39,-1.09
State_115,290,0.08104588314860461,0.08333333333333334,892.5062758620688,23.917718553894108,876.085,907.9575,928.1741379310345,31.853848003738396,908.305,951.46,-254.7976551724138,10.271193804247856,-262.3625,-246.38,-247.02620689655174,11.176443967086904,-255.4925,-240.85500000000002,566.2443103448276,26.81483947937666,542.7675,587.1775,-208.34986206896548,9.591754495720204,-215.145,-203.39749999999998
State_116,737,0.2059683306224883,0.08333333333333333,886.4710176390773,15.256460496150888,874.08,897.3,924.7466757123474,29.17008030489253,901.33,948.52,-265.1907462686567,7.514306941915965,-270.73,-260.02,-232.2259430122117,8.589387265690652,-237.85,-225.83,734.8389823609227,23.028792467751884,716.99,752.98,-191.85265943012212,6.748211315696937,-196.23,-187.09
State_117,105,0.029344199071046496,0.08333333333333333,876.6466666666668,14.856200121541248,864.05,887.85,900.0116190476191,25.41209490667362,878.64,924.47,-213.3269523809524,6.3399675629796155,-217.77,-209.47,-256.71104761904763,4.541706076382429,-259.49,-253.49,879.9342857142858,12.535805246844465,871.99,887.55,-162.59199999999998,3.4256131960907057,-164.6,-160.22
State_118,109,0.030462073321372077,0.08333333333333334,874.8292660550459,14.920119942077106,862.58,883.82,937.3867889908257,20.964847380915103,922.88,952.0,-265.73660550458715,7.504693866999294,-272.04,-259.14,-228.52770642201838,5.791148359386188,-232.8,-224.19,836.6299082568805,9.812263160190854,830.35,843.56,-189.21935779816513,5.140874560852925,-193.31,-185.28
State_119,680,0.19003862255534876,0.08333333333333333,894.9607352941175,15.736568905936908,883.755,906.96,960.663367647059,19.784862915157085,948.14,974.5475,-235.86136764705878,7.619209854325689,-240.78,-229.98250000000002,-231.15657352941176,7.132097221375009,-236.6075,-226.02,682.5200588235293,17.671791047268844,669.155,694.25,-184.20098529411766,6.349330190904124,-189.0675,-179.2175
State_120,105,0.029344199071046496,0.08333333333333333,901.9975238095238,10.789583186944036,893.23,908.92,944.1526666666668,20.402284434057986,927.84,960.85,-225.27885714285713,5.771856839321847,-229.79,-221.04,-234.93123809523811,5.821887530167463,-238.65,-230.63,785.5213333333332,14.441233637551843,780.43,795.02,-178.78752380952383,3.1160585252207222,-181.1,-176.57
State_121,192,0.05365796401562788,0.08333333333333333,888.7789583333333,15.847496274688483,876.3,900.2675,923.7857291666666,23.447719800940938,906.4225,941.5925,-174.27885416666663,3.900922127470617,-176.73,-171.9275,-145.00458333333333,5.261434502034328,-148.87,-141.23000000000002,919.6932812499999,16.088909098609253,907.3825,930.1775,-152.04453125,3.9700748128921615,-154.81,-149.3775
State_122,304,0.08495844302474415,0.08333333333333333,880.8114802631579,16.01026273935277,868.23,892.9525000000001,948.0274999999999,25.927927238618377,930.1575,968.825,-236.71125,4.997685446132223,-240.035,-232.95,-248.29766447368422,6.354497028176969,-252.98,-243.3075,835.9625,20.403600253394746,818.1925,854.4725000000001,-194.05236842105262,3.9425901149261033,-196.95499999999998,-191.45
State_123,190,0.05309902689046509,0.08333333333333334,878.2970526315789,12.553039504074938,869.0125,887.455,900.8033684210527,15.783230509413558,891.4375,911.4675,-239.87105263157895,4.906849650160352,-242.9975,-236.385,-232.47921052631577,4.567091963499663,-236.155,-229.26,856.795263157895,9.94604734891653,852.4175,863.8525,-162.94973684210524,6.3723470408232155,-167.7575,-158.1625
State_124,547,0.15286930373202318,0.08333333333333334,875.6342047531994,9.409647816536998,868.77,882.145,895.4420658135282,20.249613253921407,879.165,909.145,-181.9139122486289,4.907957884939948,-184.88,-178.51,-116.96224862888481,12.837606609847725,-128.12,-105.285,870.1067276051189,20.317857437409838,852.24,888.5,-141.1807129798903,4.621461803119049,-144.78,-137.58999999999997
State_125,117,0.03269782182202324,0.08333333333333333,890.2803418803417,10.037450470666135,882.98,897.45,935.3199999999999,16.723098469296684,921.8,947.44,-163.88316239316242,5.170150176164207,-165.91,-159.99,-175.0382905982906,4.654618079558062,-178.93,-171.47,893.6528205128204,9.124489957040197,886.23,900.22,-131.32162393162392,3.160976485219717,-133.73,-129.1
State_126,144,0.04024347301172091,0.08333333333333333,887.945,9.139781485046873,880.855,892.1675,948.0809027777777,15.234772377330847,937.955,959.5475,-234.79458333333332,7.760361345761109,-240.74,-228.7775,-179.4684722222222,8.054426079352549,-185.7775,-172.9625,863.1636805555556,5.988940944065766,859.67,866.7525,-176.60104166666667,6.209068116824828,-181.3125,-172.1625
State_127,460,0.1285555387874418,0.08333333333333334,881.8769130434782,8.3725054772319,876.27,888.6175000000001,907.3626956521739,14.819635098029954,896.06,916.34,-223.50897826086958,7.386109057871866,-228.58,-218.89499999999998,-206.11502173913044,5.70007554507569,-210.095,-202.33,777.3409782608695,16.536980613131607,765.075,790.9749999999999,-172.58169565217392,5.600879575607779,-176.745,-169.26500000000001
State_128,250,0.06986714064534881,0.08333333333333333,911.40728,14.83762899990951,899.9875,920.525,977.2308,17.603133738903388,963.3175,988.655,-191.78064,7.128394237697022,-197.5525,-185.4475,-171.0754,4.420250410868042,-174.1375,-167.8525,938.0442800000001,12.770156902358066,928.755,947.2375,-142.73996,5.213375560742715,-146.79,-139.23
State_129,182,0.05086327838981393,0.08333333333333333,872.6844505494506,7.128620276358005,867.5325,877.4575,901.5260439560438,12.802839108401944,891.7075,910.82,-211.57197802197803,3.9363375073651867,-214.4475,-208.7475,-145.1762637362637,5.448803335266605,-148.5925,-141.4475,877.8901648351649,8.776648542649268,871.9175,884.1225,-161.6935714285714,3.7541771788835283,-164.2575,-159.04500000000002
State_130,163,0.04555337570076742,0.08333333333333334,884.559509202454,4.6949697015392555,880.855,887.315,883.0941104294478,8.895283792033645,875.74,889.915,-278.17226993865035,4.435841715971442,-280.895,-275.115,-174.26190184049076,8.03151297587592,-180.24,-168.07999999999998,883.92509202454,5.70715333768721,880.015,887.4000000000001,-226.80460122699387,3.9891571010722955,-229.35000000000002,-224.185
State_131,105,0.029344199071046496,0.08333333333333333,863.2318095238095,7.1878717002152035,857.78,867.16,833.0034285714286,8.349913959548811,827.85,840.13,-210.11857142857147,3.5702110012444095,-212.71,-207.69,-223.2772380952381,4.604403305373541,-227.24,-220.52,855.9203809523808,6.696137940262155,851.69,860.34,-169.04704761904762,3.062387493635017,-170.61,-166.69
State_132,130,0.03633091313558138,0.08333333333333334,852.9882307692305,0.43589783559558465,852.95,852.95,858.6721538461541,0.20347746047923596,858.69,858.69,-219.89246153846156,0.3139867709119162,-219.92,-219.92,-222.83053846153842,0.34819203366488927,-222.8,-222.8,819.6174615384615,0.370995542166875,819.65,819.65,-169.47892307692308,0.10173873023961552,-169.47,-169.47
State_133,160,0.044714970013023235,0.08333333333333334,894.2748125,11.818801138101152,887.24,900.835,945.1966249999999,14.829571548474378,932.5425,956.255,-225.67825000000002,3.8101675543803633,-228.3875,-223.0475,-220.654,5.116170590337463,-224.5875,-216.895,890.3052500000001,9.853479795891923,884.4375,896.4875,-194.358125,2.8404639508317717,-196.29500000000002,-192.6275
State_134,313,0.0874736600879767,0.08333333333333333,887.6450479233227,11.694389026076088,879.45,894.35,950.0355271565495,21.831644430030742,934.88,968.59,-212.71840255591056,4.144712108896645,-215.38,-209.83,-200.69875399361024,7.647545402681946,-206.14,-195.61,891.5995207667733,13.191054421719993,882.08,900.96,-180.89961661341852,5.111823760678368,-183.81,-178.03
State_135,224,0.06260095801823254,0.08333333333333334,912.4887053571429,11.409522088173077,903.0250000000001,922.1949999999999,946.7979910714286,9.518590824404166,938.8475,954.7525,-241.1967857142857,14.16387729808864,-253.32,-228.67,-177.57982142857142,11.897664803256973,-187.71,-167.3725,918.9316517857143,8.067752085727976,912.3675,925.645,-185.71276785714286,11.231171405454246,-195.345,-175.975
State_136,107,0.02990313619620929,0.08333333333333333,881.9209345794393,10.770866149427691,873.52,889.6949999999999,936.4410280373831,13.809814594043187,925.99,946.365,-270.5233644859813,4.099069140515548,-273.39,-267.445,-253.22158878504672,4.861269565820349,-256.36,-250.18,852.4936448598131,7.641923519653463,846.51,857.96,-219.66766355140186,5.4329297456881855,-223.325,-218.14999999999998
State_137,186,0.051981152640139514,0.08333333333333333,900.4295698924733,13.03788466626256,890.12,909.5675,917.2953225806451,19.390352718401694,906.7125000000001,930.615,-284.5390322580645,3.938499526199377,-287.315,-281.6475,-221.04736559139786,3.4608316522304166,-223.58,-218.3375,899.4687634408602,17.846447449584026,884.6400000000001,912.1075,-223.98715053763442,3.8803861536630935,-226.73,-220.60500000000002
State_138,240,0.06707245501953485,0.08333333333333333,895.5603749999999,3.7348541928769095,892.63,898.2125000000001,946.586,0.9159624884976034,946.59,946.74,-257.7930833333333,2.609990556366741,-260.03999999999996,-255.5325,-260.89304166666665,3.546697963144207,-263.9225,-257.7875,916.6787916666667,1.820624691153853,915.3525,918.005,-201.9377916666667,0.7067005354407123,-202.4725,-201.42
State_139,1241,0.34682048616351147,0.08333333333333334,906.0431748589848,7.384139164619267,900.94,911.19,923.4914585012086,11.989691266307952,915.4,931.88,-260.1581466559227,7.477672309967118,-265.47,-255.43,-184.58261885576147,7.693954213700203,-189.95,-179.03,912.8048509266721,10.462288275786632,905.19,920.63,-211.4243674456084,6.130701568049755,-215.73,-207.01
State_140,110,0.030741541883953474,0.08333333333333333,875.1081818181816,11.666626060535394,865.9225,882.7075,906.5234545454545,19.13888344486855,895.0825,919.9525,-258.75481818181817,3.5420959253837987,-261.2425,-256.1275,-239.09145454545455,5.35524365105222,-242.82,-234.89249999999998,853.5564545454545,10.168668788445594,845.1175,860.4375,-205.66627272727266,5.177956782235531,-209.78,-201.1925
State_141,247,0.06902873495760461,0.08333333333333333,877.5286639676111,8.817985606644012,870.985,883.8,925.8818218623481,12.050819909386384,919.005,934.7149999999999,-200.94372469635627,3.5327866043949623,-203.185,-198.97500000000002,-165.73113360323885,3.949446643647779,-168.595,-162.95499999999998,907.6035627530365,8.292721675279331,901.865,913.865,-159.60465587044533,3.1281699017059434,-161.595,-157.66
State_142,105,0.029344199071046496,0.08333333333333333,879.4476190476189,1.0490925784196725,879.55,879.55,902.4588571428573,0.29569772210341466,902.43,902.43,-216.8036190476191,0.1678548125471481,-216.82,-216.82,-181.60304761904757,0.1737102129848394,-181.62,-181.62,894.3305714285713,0.3132639234164838,894.3,894.3,-165.90638095238097,0.03708420277204379,-165.91,-165.91
State_143,1380,0.3856666163623254,0.08333333333333333,887.426811594203,8.508134152210143,881.54,893.2625,933.5769420289855,16.861188638487373,921.775,945.225,-225.71491304347828,7.607940181122588,-231.13,-220.01,-184.76642753623187,6.766487005940509,-189.12,-179.6775,917.3002536231885,10.312314133028929,909.875,924.015,-172.46584782608696,6.404443475820862,-176.5225,-168.0275
State_144,11561,3.23093605200351,0.08333333333333333,897.1210457572874,10.06153708864744,889.94,904.01,914.0723856067814,17.201014782581925,902.08,925.74,-261.3174439927342,15.216495422355967,-270.84,-251.86,-237.67619410085632,20.83834780811597,-251.87,-221.86,897.2721183288642,12.166312496385238,888.47,905.65,-208.02584205518556,13.296980644433617,-217.12,-199.77
State_145,159,0.04443550145044184,0.08333333333333333,880.8462893081763,7.276167839055124,874.805,885.81,850.5116352201256,8.092829837423121,846.75,856.085,-199.57962264150945,2.8893661182965498,-201.825,-197.135,-216.37949685534588,5.6143163293947955,-219.725,-212.805,877.2194968553458,5.42441466231957,873.9,880.9100000000001,-161.58943396226417,2.643681324100207,-163.565,-159.815
State_146,3052,0.8529380529984183,0.08333333333333334,880.8230412434469,10.479415237391922,873.73,887.95,908.5678550267584,20.90429091114657,893.6225,924.5,-231.70569237385322,7.464858034965119,-237.48,-226.425,-214.96054097040192,8.514659478456444,-221.3625,-208.6675,840.3938020150721,10.432011435252406,833.93,847.5174999999999,-176.64956817933594,7.236684782199844,-182.39249999999998,-171.42
State_147,160,0.044714970013023235,0.08333333333333334,875.6715,9.160017316179283,868.5425,881.2875,902.4623125,11.381973954314697,894.5625,910.3625000000001,-229.79137500000002,4.816629668961954,-232.5825,-226.13,-232.75543750000003,5.814029318322033,-235.8875,-228.82500000000002,857.4476875,7.938269397910672,852.0074999999999,861.6675,-179.21412500000002,3.2492823373088346,-181.755,-176.4575
State_148,417,0.11653839059644182,0.08333333333333333,883.1811270983214,7.296484824482496,878.31,888.67,917.5783932853717,13.099921977848723,909.59,927.33,-213.90486810551556,5.90022213111543,-218.65,-209.16,-216.78290167865708,9.376530771047774,-224.1,-208.77,883.3190167865708,9.182615904429152,879.4,889.34,-170.5977458033573,7.518847133309395,-176.62,-163.74
State_149,547,0.15286930373202318,0.08333333333333334,882.824478976234,11.373370891392101,874.72,890.425,913.7456124314442,18.93506385918324,901.625,927.755,-191.77923217550276,3.9377799284212336,-194.62,-189.0,-191.1174954296161,6.814798601527019,-196.175,-186.45999999999998,849.9848080438757,12.269353572897998,840.39,858.855,-158.99352833638028,3.7627470506093776,-161.42,-157.055
State_150,106,0.029623667633627893,0.08333333333333334,867.8218867924529,7.250553491280458,863.16,872.3475,899.8141509433963,13.905467774733145,894.27,909.6575,-181.0911320754717,3.492739222677245,-183.135,-178.77,-197.68877358490568,3.3407403521717938,-200.16,-195.3875,872.2637735849056,8.015880244903173,866.095,877.8875,-158.26009433962264,2.6186719626860717,-160.2275,-156.225
State_151,149,0.041640815824627885,0.08333333333333333,875.1981208053692,5.7228381223390095,871.66,879.0,910.5485906040268,12.844364681885304,900.87,919.23,-184.20060402684564,2.673549171649348,-186.24,-182.09,-203.2887248322148,5.200825985411149,-207.65,-198.67,881.9926845637584,6.70986986127399,877.89,885.41,-150.7110067114094,2.080610859159385,-152.27,-149.1
State_152,119,0.03325675894718603,0.08333333333333333,900.0383781512604,0.6949613815827925,900.12,900.12,925.1112352941178,0.08858240498305357,925.11,925.11,-206.25959663865552,0.2997366731131584,-206.27,-206.27,-224.3082521008404,0.18690295762128425,-224.33,-224.33,884.9668487394958,1.2121927997253652,884.86,884.86,-163.75731092436968,0.18188605801431168,-163.78,-163.78
State_153,361,0.10088815109188366,0.08333333333333333,879.1137673130193,6.796125627569461,874.21,883.86,919.7501385041551,11.86715704664147,910.04,928.21,-204.0483102493075,3.828944178974176,-206.32,-201.81,-230.4158725761773,5.86990506030987,-235.32,-225.82,882.0343767313019,5.27523830024255,878.45,885.7,-168.6342105263158,3.480868266523296,-171.13,-166.13
State_154,153,0.04275869007495347,0.08333333333333333,879.7786274509804,7.115640857592625,875.06,884.45,918.1965359477125,11.84499024239569,911.51,924.97,-197.91307189542485,5.681803397116207,-203.08,-193.28,-216.3328758169934,4.563194961232096,-219.72,-213.16,886.7368627450979,7.376599779261822,881.36,893.12,-159.40248366013074,3.7298169633808236,-162.08,-156.47
